estimate_id,company_id,reserves_precious_aueq_moz,measured_indicated_precious_aueq_moz,resources_precious_aueq_moz,potential_precious_aueq_moz,mineable_precious_aueq_moz,reserves_non_precious_aueq_moz,measured_indicated_non_precious_aueq_moz,resources_non_precious_aueq_moz,potential_non_precious_aueq_moz,mineable_non_precious_aueq_moz,reserves_total_aueq_moz,measured_indicated_total_aueq_moz,resources_total_aueq_moz,potential_total_aueq_moz,mineable_total_aueq_moz,last_updated
1,132,1.286,7.05,0.5,2.0,1.286,0.661,3.06,0.3,1.0,0.661,1.947,10.11,0.8,3.0,1.947,2025-03-23T12:42:00.000Z
2,4,,4.73,0.64,,,0.0,0.0,0.0,,,,4.73,0.64,,,2024-07-27T20:23:00.000Z
3,3,6.09,11.93,2.28,,6.09,0.0,0.0,0.0,,0.0,6.09,11.93,2.28,,6.09,2024-07-27T20:22:00.000Z
4,2,,,,,,,,,,,,,,,,2024-07-27T20:21:00.000Z
5,1,,,,,,,,,,,,,,,,2024-07-27T20:20:00.000Z
8,7,3.8,7.5,2.0,,3.8,0.0,0.0,0.0,,0.0,3.8,7.5,2.0,,3.8,2024-07-27T20:25:00.000Z
9,501,,0.5,1.2,2.0,,,,,,,,0.5,1.2,2.0,,2025-03-25T03:20:00.000Z
10,8,0.05,0.7,0.8,,0.05,0.01,0.2,0.15,,0.01,0.06,0.9,0.95,,0.06,2024-07-27T20:26:00.000Z
11,9,,0.5,1.2,2.0,,,,,,,,0.5,1.2,2.0,,2025-03-20T00:00:00.000Z
12,10,53.811,43.981,33.08,,53.811,,,,,,53.811,43.981,33.08,,53.811,2025-03-20T00:00:00.000Z
13,11,,,,,,,,,,,,,,,,2025-03-20T00:00:00.000Z
14,12,,,,,,,,,,,,,,,,2025-03-20T00:00:00.000Z
15,13,,,1.0,,,,,1.1,,,,,2.1,,,2025-03-20T00:00:00.000Z
16,14,,0.6,0.1,,,,,,,,,0.6,0.1,,,2025-03-20T00:00:00.000Z
17,15,1.5,4.3,3.5,,1.5,,0.1,0.1,,,1.5,4.4,3.6,,1.5,2025-03-20T00:00:00.000Z
18,16,0.3,0.5,0.1,,0.3,,,,,,0.3,0.5,0.1,,0.3,2025-03-20T00:00:00.000Z
19,17,,0.1,0.3,,,,,,,,,0.1,0.3,,,2025-03-20T00:00:00.000Z
20,18,,0.2,1.1,,,,0.2,1.0,,,,0.4,2.1,,,2025-03-20T00:00:00.000Z
21,19,,6.17,2.28,,,,46.34,20.69,,,,52.51,22.97,,,2025-03-20T00:00:00.000Z
22,20,,,,,,,,,,,,,,,,2025-03-20T00:00:00.000Z
23,21,,0.185,0.7,,,,,,,,,0.185,0.7,,,2025-03-21T00:00:00.000Z
24,22,,,2.207,,,,,0.764,,,,,2.971,,,2025-03-21T00:00:00.000Z
25,23,,0.303,0.221,,,,0.767,0.47,,,,1.07,0.691,,,2025-03-21T00:00:00.000Z
26,24,,0.185,0.7,,,,,,,,,0.185,0.7,,,2025-03-21T00:00:00.000Z
27,25,,0.5941,1.04965,,,,,,,,,0.5941,1.04965,,,2025-03-21T00:00:00.000Z
28,26,,0.0576,0.096,,,,,,,,,0.0576,0.096,,,2025-03-21T00:00:00.000Z
29,27,,,0.32,,,,,,,,,,0.32,,,2025-03-21T00:00:00.000Z
30,28,1.221,1.18,1.17,,1.221,,,,,,1.221,1.18,1.17,,1.221,2025-03-21T00:00:00.000Z
31,29,,0.16,0.282,,,,,,,,,0.16,0.282,,,2025-03-21T00:00:00.000Z
32,30,0.74,1.172,,0.5,0.74,,,,,,0.74,1.172,,0.5,0.74,2025-03-21T00:00:00.000Z
33,31,,,0.1708,,,,,,,,,,0.1708,,,2025-03-21T00:00:00.000Z
34,32,1.724,3.777,2.541,,1.724,,,,,,1.724,3.777,2.541,,1.724,2025-03-21T00:00:00.000Z
35,33,,1.81,1.53,,,,1.47,0.98,,,,3.28,2.51,,,2025-03-21T00:00:00.000Z
36,34,8.0,11.14,0.245,,8.0,,,,,,8.0,11.14,0.245,,8.0,2025-03-21T00:00:00.000Z
37,35,,,,,,,,,,,,,,,,2025-03-21T00:00:00.000Z
38,36,2.708,4.12,1.965,,2.708,,,,,,2.708,4.12,1.965,,2.708,2025-03-21T00:00:00.000Z
39,37,,1.81,1.53,,,,1.47,0.98,,,,3.28,2.51,,,2025-03-21T00:00:00.000Z
40,38,,0.758,0.224,,,,,,,,,0.758,0.224,,,2025-03-21T00:00:00.000Z
41,39,10.0,16.0,6.0,,10.0,,,,,,10.0,16.0,6.0,,10.0,2025-03-21T00:00:00.000Z
42,40,,,,,,,,,,,,,,,,2025-03-21T00:00:00.000Z
43,41,,0.3,0.8,2.5,,,,,0.5,,,0.3,0.8,3.0,,2025-03-21T00:00:00.000Z
44,42,,,,,,,,,,,,,,,,2025-03-21T00:00:00.000Z
45,43,,,,,,,,,,,,,,,,2025-03-21T00:00:00.000Z
46,44,,0.405,0.268,,,,,,,,,0.405,0.268,,,2025-03-21T00:00:00.000Z
47,45,,,,,,,,,,,,,,,,2025-03-21T00:00:00.000Z
48,46,,,,,,,,,,,,,,,,2025-03-21T00:00:00.000Z
49,47,,,1.507,,,,,,,,,,1.507,,,2025-03-21T00:00:00.000Z
50,48,,1.201,0.08,,,,,,,,,1.201,0.08,,,2025-03-21T00:00:00.000Z
51,49,,2.807,0.829,,,,0.586,0.308,,,,3.338,1.137,,,2025-03-21T00:00:00.000Z
52,50,,,,,,,,,,,,,,,,2025-03-21T00:00:00.000Z
53,51,,,,,,,,,,,,,,,,2025-03-21T00:00:00.000Z
54,52,,0.0894,0.8646,,,,,,,,,0.0894,0.8646,,,2025-03-21T00:00:00.000Z
55,53,,0.605,0.226,,,,,,,,,0.605,0.226,,,2025-03-21T21:00:00.000Z
56,54,,,0.26875,,,,,,,,,,0.26875,,,2025-03-21T21:00:00.000Z
57,55,0.06,0.5,0.1,,0.06,,,,,,0.06,0.5,0.1,,0.06,2025-03-21T21:00:00.000Z
58,56,,0.83,0.56,,,,0.02,0.01,,,,0.85,0.57,,,2025-03-21T21:06:00.000Z
59,57,,,0.060844,0.2135,,,,,,,,,0.060844,0.2135,,2025-03-21T21:18:00.000Z
60,58,,,,,,,,,,,,,,,,2025-03-21T21:00:00.000Z
61,59,,,0.0833,,,,,,,,,,0.0833,,,2025-03-21T00:00:00.000Z
62,60,,,0.015,0.07,,,,0.01,0.03,,,,0.025,0.1,,2025-03-21T21:17:00.000Z
63,61,,0.073,0.109,0.2,,,1.335,0.125,0.5,,,1.408,0.234,0.7,,2025-03-21T00:00:00.000Z
64,62,,,,1.3,,,,,,,,,,1.3,,2025-03-22T00:00:00.000Z
65,63,,1.831,0.195,0.5,,,,,,,,1.831,0.195,0.5,,2025-03-22T00:00:00.000Z
66,64,,0.3112,0.5139,,,,,,,,,0.3112,0.5139,,,2025-03-21T00:00:00.000Z
67,65,,0.0,0.0,,,,,,,,,0.0,0.0,,,2025-03-20T00:00:00.000Z
68,66,,,1.113,,,,,,,,,,1.113,,,2025-03-22T00:00:00.000Z
69,67,3.8,5.1,2.5,,3.8,,,,,,3.8,5.1,2.5,,3.8,2025-03-22T00:00:00.000Z
70,68,5.0,7.5,3.75,1.0,5.0,,,,,,5.0,7.5,3.75,1.0,5.0,2025-03-22T00:00:00.000Z
71,69,,,,,,,,,,,,,,,,2025-03-22T00:00:00.000Z
72,70,,0.236,7.291,1.46,,,,,,,,0.236,7.291,1.46,,2025-03-22T00:00:00.000Z
73,71,,0.5,1.2,,,,,,,,,0.5,1.2,,,2025-03-22T00:00:00.000Z
74,72,,0.3,0.8,1.5,,,,,,,,0.3,0.8,1.5,,2025-03-22T00:00:00.000Z
75,73,,1.24,1.78,,,,,,,,,1.24,1.78,,,2025-03-22T00:00:00.000Z
76,74,,,0.5,,,,,,,,,,0.5,,,2025-03-22T00:00:00.000Z
77,75,,,,1.0,,,,,1.5,,,,,2.5,,2025-03-21T00:00:00.000Z
78,76,,0.2,0.5,1.0,,,0.1,0.3,0.5,,,0.3,0.8,1.5,,2025-03-22T00:00:00.000Z
79,77,,,0.513,1.0,,,,,,,,,0.513,1.0,,2025-03-22T00:00:00.000Z
80,78,,0.125,0.595,1.0,,,0.21,0.81,1.5,,,0.335,1.405,2.5,,2025-03-22T00:00:00.000Z
81,79,,1.566,0.478,,,,0.083,0.016,,,,1.649,0.494,,,2025-03-22T00:00:00.000Z
82,80,,0.05,0.112,0.5,,,0.03,0.167,0.8,,,0.08,0.279,1.3,,2025-03-22T00:00:00.000Z
83,81,3.5,6.8,1.5,2.0,3.0,2.24,1.0,0.5,1.0,2.0,5.74,7.8,2.0,3.0,5.0,2025-03-22T00:00:00.000Z
84,82,,0.5,1.0,1.5,,,,,,,,0.5,1.0,1.5,,2025-03-22T00:00:00.000Z
85,83,2.0,,,,,1.0,,,,,3.0,,,,,2025-03-22T00:00:00.000Z
86,84,,26.575,0.821,,,,,,,,,26.575,0.821,,,2025-03-22T00:00:00.000Z
87,85,,0.604,0.5345,,,,,,,,,0.604,0.5345,,,2025-03-22T00:00:00.000Z
88,86,,,0.2,0.5,,,,0.1,0.2,,,,0.3,0.7,,2025-03-22T00:00:00.000Z
89,87,,,0.4,1.0,,,,0.3,0.7,,,,0.7,1.7,,2025-03-22T00:00:00.000Z
90,88,,,1.2,4.0,,,,1.8,6.0,,,,3.0,10.0,,2025-03-22T00:00:00.000Z
91,89,,0.418,0.117,,,,,,,,,0.418,0.117,,,2025-03-22T00:00:00.000Z
92,90,,,,0.5,,,,,0.2,,,,,0.7,,2025-03-22T00:00:00.000Z
93,91,,,,,,,,,0.3,,,,,0.3,,2025-03-22T00:00:00.000Z
94,92,,,,0.5,,,,,1.0,,,,,1.5,,2025-03-22T00:00:00.000Z
95,93,,,0.3,0.8,,,,0.1,0.2,,,,0.4,1.0,,2025-03-22T00:00:00.000Z
96,94,,,,0.5,,,,,,,,,,0.5,,2025-03-22T00:00:00.000Z
97,95,,1.11,0.27,0.5,,,0.0626,0.0133,0.1,,,1.1726,0.2833,0.6,,2025-03-22T00:00:00.000Z
98,96,,0.3,0.8,1.0,,,,,2.0,,,0.3,0.8,3.0,,2025-03-22T00:00:00.000Z
99,97,,0.49,0.121,,,,,,,,,0.49,0.121,,,2025-03-22T00:00:00.000Z
100,98,,0.3103,0.7692,,,,,,,,,0.3103,0.7692,,,2025-03-23T00:33:00.000Z
101,99,,0.3,0.8,1.5,,,,,,,,0.3,0.8,1.5,,2025-03-22T15:48:00.000Z
102,100,4.1,8.6,3.6,,4.1,,,,,,4.1,8.6,3.6,,4.1,2025-03-22T16:00:00.000Z
103,101,,0.093,0.234,,,,0.37,0.943,,,,0.463,1.177,,,2025-03-22T23:10:00.000Z
104,102,,,,,,,,,,,,,,,,2025-03-22T00:00:00.000Z
105,103,,0.027,0.138,,,,,,,,,0.027,0.138,,,2025-03-23T00:40:00.000Z
106,104,,,,,,,,,,,,,,,,2025-03-22T00:00:00.000Z
107,105,,1.003,1.066,,,,0.921,0.877,,,,1.924,1.943,,,2025-03-23T00:36:00.000Z
108,106,,0.568,1.156,,,,,,,,,0.568,1.156,,,2025-03-22T00:00:00.000Z
109,107,1.991,1.198,0.275,,,0.562,0.488,0.123,,,2.553,1.686,0.398,,,2025-03-22T00:00:00.000Z
110,108,,1.6363,1.2694,,,,,,,,,1.6363,1.2694,,,2025-03-22T00:00:00.000Z
111,109,,0.8443,1.7368,,,,0.0101,0.0032,,,,0.8544,1.74,,,2025-03-22T00:00:00.000Z
112,110,,1.0,2.0,,,,,,,,,1.0,2.0,,,2025-03-22T00:00:00.000Z
113,111,,,0.182,,,,,,,,,,0.182,,,2025-03-22T00:00:00.000Z
114,112,,0.251,,,,,,,,,,0.251,,,,2025-03-22T00:00:00.000Z
115,113,5.0,8.07,1.07,,,5.78,8.46,1.07,,,10.78,16.53,2.14,,,2025-03-22T00:00:00.000Z
116,114,1.0,2.0,3.0,0.5,0.8,0.5,1.0,1.5,,,1.5,3.0,4.5,0.5,0.8,2025-03-22T00:00:00.000Z
117,115,,1.189,0.146,,,,0.762,0.068,,,,1.952,0.214,,,2025-03-23T00:00:00.000Z
118,116,98.338,704.384,229.047,25.0,78.7,,,,,,98.338,704.384,229.047,25.0,78.7,2025-03-22T00:00:00.000Z
119,117,0.209,0.554,0.084,,,,,,,,0.209,0.554,0.084,,,2025-03-23T00:00:00.000Z
120,118,,,,,,,,,,,,,,,,2025-03-23T00:00:00.000Z
121,119,,1.241,0.308,,,,1.483,0.64,,,,2.723,0.948,,,2025-03-23T00:00:00.000Z
122,120,,,3.88,,,,,6.38,,,,,10.26,,,2025-03-23T00:00:00.000Z
123,121,,,,,,,,,,,,,,,,2025-03-23T04:42:00.000Z
124,122,,,,,,,,,,,,,,,,2025-03-23T04:55:00.000Z
125,123,,0.1,,0.5,,,,,,,,0.1,,0.5,,2025-03-23T12:02:00.000Z
126,124,,0.657,0.256,1.0,,,0.108,0.017,,,,0.765,0.273,1.0,,2025-03-23T12:09:00.000Z
127,125,19.157,17.527,9.916,5.0,19.157,,,,,,19.157,17.527,9.916,5.0,19.157,2025-03-23T12:09:00.000Z
128,126,,1.0,0.41,2.0,1.0,,,,,,,1.0,0.41,2.0,1.0,2025-03-23T12:09:00.000Z
129,127,0.517,0.162,0.013,1.0,0.517,,3.774,2.675,5.0,,0.517,3.936,2.688,6.0,0.517,2025-03-23T12:09:00.000Z
130,128,,0.8,1.5,3.0,,,0.5,1.0,2.5,,,1.3,2.5,5.5,,2025-03-23T12:34:00.000Z
131,129,12.359,22.679,6.92,0.692,12.359,1.339,1.754,0.32,,1.339,13.698,24.433,7.24,0.692,13.698,2025-03-22T00:00:00.000Z
132,130,,,0.111,0.5,,,,0.052,,,,,0.163,0.5,,2025-03-23T05:44:00.000Z
133,131,0.01,0.825,0.156,1.0,,0.018,,0.029,,,0.028,0.825,0.185,1.0,,2025-03-23T05:50:00.000Z
135,133,,0.5,0.3,1.5,,,,,,,,0.5,0.3,1.5,,2025-03-23T06:11:00.000Z
136,134,3.8,4.6,0.9,2.0,,,,,,,3.8,4.6,0.9,2.0,,2025-03-23T04:51:00.000Z
137,135,,,,,,,,,,,,,,,,2025-03-23T00:00:00.000Z
138,136,,,,0.5,,,,,,,,,,0.5,,2025-03-23T06:00:00.000Z
139,137,,,,0.5,,,,,,,,,,0.5,,2025-03-24T05:29:00.000Z
140,138,,,1.42,,,,,,,,,,1.42,,,2025-03-24T06:27:00.000Z
141,139,0.897,0.988,0.256,1.5,0.852,,,,,,0.897,0.988,0.256,1.5,0.852,2025-03-24T07:26:00.000Z
142,140,,,,,,,,,,,,,,,,2025-03-22T00:00:00.000Z
143,141,,0.045,0.101,,,,,0.4,,,,0.045,0.501,,,2025-03-24T01:27:00.000Z
144,142,,1.9,0.22,,,,,,,,,1.9,0.22,,,2025-03-24T04:05:00.000Z
145,143,,0.524,2.186,3.0,,,,0.05,0.1,,,0.524,2.236,3.1,,2025-03-24T08:17:00.000Z
146,144,,,,,,,,,,,,,,,,2025-03-24T11:18:00.000Z
147,145,,2.02,0.88,,,,,,,,,2.02,0.88,,,2025-03-24T11:27: transfer learning00Z
148,146,,,0.1,0.5,,,,,,,,,0.1,0.5,,2025-03-24T05:10:00.000Z
149,147,,,,,,,0.5,1.0,2.5,,,0.5,1.0,2.5,,2025-03-24T08:24:00.000Z
150,148,,,0.1,5.0,,,,,,,,,0.1,5.0,,2025-03-24T11:38:00.000Z
151,149,,0.514,0.723,2.0,,,,,,,,0.514,0.723,2.0,,2025-03-24T11:46:00.000Z
152,150,1.81,0.56,0.81,,,0.23,0.09,0.09,,,2.04,0.65,0.9,,,2025-03-24T11:46:00.000Z
153,151,,,0.7,1.5,,,,,,,,,0.7,1.5,,2025-03-24T05:00:00.000Z
154,152,0.13,0.24,0.61,,,,,,,,0.13,0.24,0.61,,,2025-03-24T12:16:00.000Z
155,153,,2.248,0.036,,,,,,,,,2.248,0.036,,,2025-03-24T11:36:00.000Z
156,154,,0.433,0.061,0.3,0.342,,,,,,,0.433,0.061,0.3,0.342,2025-03-24T05:26:00.000Z
157,155,,12.1,10.3,,,,,,,,,12.1,10.3,,,2025-03-24T12:08:00.000Z
158,156,,3.99,0.98,,,,1.37,0.27,,,,5.36,1.25,,,2025-03-24T11:29:00.000Z
159,157,0.68,1.21,0.258,0.4,0.68,,,,,,0.68,1.21,0.258,0.4,0.68,2025-03-24T05:42:00.000Z
160,158,,0.8,0.3,1.0,0.5,,,,,,,0.8,0.3,1.0,0.5,2025-03-24T06:19:00.000Z
161,159,,0.3,0.1,0.8,0.2,,,,,,,0.3,0.1,0.8,0.2,2025-03-24T06:22:00.000Z
162,160,2.055,2.91,0.99,1.5,2.055,,,,,,2.055,2.91,0.99,1.5,2.055,2025-03-24T05:22:00.000Z
163,161,,0.1,0.05,0.2,,,,,,,,0.1,0.05,0.2,,2025-03-24T05:31:00.000Z
164,162,0.033,2.859,2.057,1.5,0.04,,,,,,0.033,2.859,2.057,1.5,0.04,2025-03-24T06:43:00.000Z
165,163,0.15,0.45,0.75,2.5,0.1,,,,,,0.15,0.45,0.75,2.5,0.1,2025-03-24T06:34:00.000Z
166,164,0.2,0.543,0.456,1.0,0.2,,,,,,0.2,0.543,0.456,1.0,0.2,2025-03-24T06:54:00.000Z
167,165,0.873,0.657,0.64,1.0,0.873,,,,,,0.873,0.657,0.64,1.0,0.873,2025-03-24T07:00:00.000Z
168,166,,0.3,1.4,2.8,0.2,,,,,,,0.3,1.4,2.8,0.2,2025-03-24T14:03:00.000Z
169,167,,0.044,0.048,0.15,,,,,0.05,,,0.044,0.048,0.2,,2025-03-24T06:50:00.000Z
170,168,0.03,0.25,0.45,0.6,0.03,,,,,,0.03,0.25,0.45,0.6,0.03,2025-03-24T06:38:00.000Z
171,169,,1.14,0.285,0.5,1.495,,,,,,,1.14,0.285,0.5,1.495,2025-03-24T05:36:00.000Z
172,170,1.5,2.3,1.5,3.0,1.2,,,,,,1.5,2.3,1.5,3.0,1.2,2025-03-24T14:35:00.000Z
173,171,,0.8,2.8,4.0,0.5,,0.2,0.3,0.5,,,1.0,3.1,4.5,0.5,2025-03-24T14:18:00.000Z
174,172,2.03,8.12,2.51,3.0,2.03,,,,,,2.03,8.12,2.51,3.0,2.03,2025-03-24T14:26:00.000Z
175,173,,0.4,1.0,2.0,,,0.6,0.8,1.2,,,1.0,1.8,3.2,,2025-03-24T14:14:00.000Z
176,174,,7.1,4.3,10.0,,,2.3,1.9,3.0,,,9.4,6.2,13.0,,2025-03-24T18:12:00.000Z
177,175,,0.8,1.2,2.5,,,,,,,,0.8,1.2,2.5,,2025-03-24T18:15:00.000Z
178,176,,0.5,1.0,2.5,,,0.2,0.5,1.5,,,0.7,1.5,4.0,,2025-03-24T18:16:00.000Z
179,177,,1.44,0.52,2.0,,,,,,,,1.44,0.52,2.0,,2025-03-24T18:20:00.000Z
180,178,,1.012,0.534,2.0,,,,,,,,1.012,0.534,2.0,,2025-03-24T18:22:00.000Z
181,179,0.5,1.0,1.5,3.0,0.4,,0.2,0.3,0.5,,0.5,1.2,1.8,3.5,0.4,2025-03-24T22:44:00.000Z
182,180,,0.3,0.7,1.5,,,0.1,0.2,0.5,,,0.4,0.9,2.0,,2025-03-24T18:07:00.000Z
183,181,,1.005,0.144,2.0,,,,,,,,1.005,0.144,2.0,,2025-03-25T01:39:00.000Z
184,182,,1.14,0.56,2.0,,,,,,,,1.14,0.56,2.0,,2025-03-25T01:47:00.000Z
185,183,,1.31,0.68,2.5,,,,,,,,1.31,0.68,2.5,,2025-03-25T01:49:00.000Z
186,184,,1.535,5.198,6.0,,,,,,,,1.535,5.198,6.0,,2025-03-25T01:47:00.000Z
187,185,0.4,0.0,0.688,1.2,0.525,,0.1,0.1,0.2,,0.4,0.1,0.788,1.4,0.525,2025-03-24T22:41:00.000Z
188,186,,0.14,0.105,0.5,,,0.0523,0.0323,,,,0.1923,0.1373,0.5,,2025-03-24T18:54:00.000Z
189,187,,0.3,0.7,1.5,,,,,,,,0.3,0.7,1.5,,2025-03-25T01:29:00.000Z
190,188,,1.17,0.258,1.5,,,,,,,,1.17,0.258,1.5,,2025-03-24T19:00:00.000Z
191,189,,0.3,0.8,1.5,,,,,,,,0.3,0.8,1.5,,2025-03-24T18:53:00.000Z
192,190,,1.27,1.47,2.0,,,,,,,,1.27,1.47,2.0,,2025-03-24T19:10:00.000Z
193,191,,0.8,1.8,2.5,,,,,,,,0.8,1.8,2.5,,2025-03-24T18:59:00.000Z
194,192,,1.68,0.55,2.0,,,0.7,0.24,,,,2.38,0.79,2.0,,2025-03-25T01:32:00.000Z
195,193,,0.04,0.18,0.5,,,,,,,,0.04,0.18,0.5,,2025-03-24T19:05:00.000Z
196,194,,0.452,0.2,0.5,,,,,,,,0.452,0.2,0.5,,2025-03-25T02:24:00.000Z
197,195,1.168,3.5,1.0,1.5,,,,,,,1.168,3.5,1.0,1.5,,2025-03-25T02:30:00.000Z
198,196,,0.141,0.18,0.5,,,,,,,,0.141,0.18,0.5,,2025-03-25T02:35:00.000Z
199,197,,,0.033,0.1,,,,,,,,,0.033,0.1,,2025-03-25T02:40:00.000Z
200,198,1.0,3.2,3.3,2.0,0.8,,,,,,1.0,3.2,3.3,2.0,0.8,2025-03-24T19:44:00.000Z
201,199,,,0.7,1.0,,,,,,,,,0.7,1.0,,2025-03-24T19:49:00.000Z
202,200,,0.2,0.5,1.0,,,,,,,,0.2,0.5,1.0,,2025-03-25T02:20:00.000Z
203,201,,,1.17,2.0,,,,,,,,,1.17,2.0,,2025-03-24T19:15:00.000Z
204,202,,,0.12,0.2,0.03,,,0.01,0.05,,,,0.13,0.25,0.03,2025-03-24T20:00:00.000Z
205,203,0.47,1.68,1.63,2.0,0.47,,,,,,0.47,1.68,1.63,2.0,0.47,2025-03-24T20:00:00.000Z
206,204,11.6,24.1,11.7,5.0,11.6,,,,,,11.6,24.1,11.7,5.0,11.6,2025-03-24T19:52:00.000Z
207,205,,,0.2,0.5,,,,0.05,0.1,,,,0.25,0.6,,2025-03-24T20:00:00.000Z
208,206,,0.1,0.3,1.0,,,,,,,,0.1,0.3,1.0,,2025-03-24T00:00:00.000Z
209,207,,,0.2,0.5,,,,,,,,,0.2,0.5,,2025-03-24T20:00:00.000Z
210,208,29.2,34.8,12.8,5.0,29.2,,,,,,29.2,34.8,12.8,5.0,29.2,2025-03-24T00:00:00.000Z
211,209,,0.1,0.5,2.0,,,,,,,,0.1,0.5,2.0,,2025-03-24T00:00:00.000Z
212,210,,0.1,0.5,2.0,,,,,,,,0.1,0.5,2.0,,2025-03-24T00:00:00.000Z
213,211,,0.781,0.2,1.0,,,,,,,,0.781,0.2,1.0,,2025-03-24T00:00:00.000Z
214,212,,0.469,0.112,0.5,,,,,,,,0.469,0.112,0.5,,2025-03-24T00:00:00.000Z
215,213,,0.1,0.3,0.8,,,,,,,,0.1,0.3,0.8,,2025-03-25T02:18:00.000Z
216,214,,,,0.5,,,,,,,,,,0.5,,2025-03-24T00:00:00.000Z
217,215,,1.22,1.02,,,,,,,,,1.22,1.02,,,2025-03-24T00:00:00.000Z
218,216,,0.45,1.13,2.0,0.08,,0.69,1.55,0.5,,,1.14,2.68,2.5,0.08,2025-03-24T20:00:00.000Z
219,217,1.37,2.35,3.78,1.0,1.37,0.32,0.55,0.89,,0.32,1.69,2.9,4.67,,1.69,2025-03-24T00:00:00.000Z
220,218,,,0.1,0.5,,,,,,,,,0.1,0.5,,2025-03-25T04:00:00.000Z
221,219,,1.51,0.63,2.0,,,,,,,,1.51,0.63,2.0,,2025-03-25T04:03:00.000Z
222,220,,0.5625,0.3375,0.8,,,,,,,,0.5625,0.3375,0.8,,2025-03-24T00:00:00.000Z
223,221,,,,0.5,,,,,,,,,,0.5,,2025-03-24T00:00:00.000Z
224,222,,,1.0,5.0,,,,,,,,,1.0,5.0,,2025-03-25T04:14:00.000Z
225,223,,0.1,0.5,2.0,,,,0.2,,,,0.1,0.7,2.0,,2025-03-24T00:00:00.000Z
226,224,0.0,1.0,2.0,5.0,,,,,,,0.0,1.0,2.0,5.0,,2025-03-25T04:19:00.000Z
227,225,,,0.5,1.0,,,,,0.2,,,,0.5,1.2,,2025-03-25T04:13:00.000Z
228,226,,,0.3,,,,,0.1,,,,,0.4,,,2025-03-24T00:00:00.000Z
229,227,,,0.5,2.0,,,,,,,,,0.5,2.0,,2025-03-25T04:17:00.000Z
230,228,,0.5,0.3,0.2,,,,,,,,0.5,0.3,0.2,,2025-03-24T00:00:00.000Z
231,229,,1.539,0.411,,,,,,,,,1.539,0.411,,,2025-03-24T00:00:00.000Z
232,230,,1.539,0.411,,,,,,,,,1.539,0.411,,,2025-03-24T21:35:00.000Z
233,231,,,0.05,0.2,,,,,,,,,0.05,0.2,,2025-03-25T04:10:00.000Z
234,232,1.0,1.5,0.5,,1.0,,,,,,1.0,1.5,0.5,,1.0,2025-03-24T21:45:00.000Z
235,233,,,0.5,1.0,,,,,,,,,0.5,1.0,,2025-03-24T00:00:00.000Z
236,234,,0.8,0.3,0.4,,,,,,,,0.8,0.3,0.4,,2025-03-24T21:45:00.000Z
237,235,,1.6,1.5,1.2,,,,,,,,1.6,1.5,1.2,,2025-03-25T05:07:00.000Z
238,236,,,,1.0,,,,,,,,,,1.0,,2025-03-25T04:24:00.000Z
239,237,,0.3,0.2,0.5,,,,,,,,0.3,0.2,0.5,,2025-03-24T21:44:00.000Z
240,238,1.5,2.5,0.7,1.5,,,,,,,1.5,2.5,0.7,1.5,,2025-03-24T00:00:00.000Z
241,239,1.297,1.297,2.02,,,,,,,,1.297,1.297,2.02,,,2025-03-25T05:07:00.000Z
242,240,,0.4,1.2,2.0,,,,,,,,0.4,1.2,2.0,,2025-03-25T05:07:00.000Z
243,241,,,0.5,1.0,,,,,,,,,0.5,1.0,,2025-03-25T05:07:00.000Z
244,242,11.6,16.8,2.3,2.0,,2.727,4.318,0.608,1.0,,14.327,21.118,2.908,3.0,,2025-03-25T05:07:00.000Z
245,243,0.044,0.1,0.1,,,,,,,,0.044,0.1,0.1,,,2025-03-25T05:41:00.000Z
246,244,2.097,2.097,0.104,2.0,,1.682,1.682,0.091,1.0,,3.779,3.779,0.195,3.0,,2025-03-25T05:07:00.000Z
247,245,5.538,7.058,2.362,2.0,5.538,,,,,,5.538,7.058,2.362,2.0,5.538,2025-03-25T05:07:00.000Z
248,246,,0.198,0.669,,,,,,,,,0.198,0.669,,,2025-03-25T05:52:00.000Z
249,247,,,1.2,2.0,,,,,,,,,1.2,2.0,,2025-03-25T05:07:00.000Z
250,248,,,0.5,,,,,0.07,,,,,0.57,,,2025-03-25T00:00:00.000Z
251,249,2.6,3.4,2.1,,,1.4,1.8,1.6,,,4.0,5.2,3.7,,,2025-03-25T05:48:00.000Z
252,250,,4.3,0.141,,,,,,,,,4.3,0.141,,,2025-03-25T00:00:00.000Z
253,251,,0.424,0.433,,,,0.015,0.015,,,,0.439,0.448,,,2025-03-25T00:00:00.000Z
254,252,,0.0,0.0,,,,,,,,,0.0,0.0,,,2025-03-20T00:00:00.000Z
255,253,4.01,4.01,0.26,,,,,,,,4.01,4.01,0.26,,,2025-03-25T00:00:00.000Z
256,254,,0.0,0.0,,,,,,,,,0.0,0.0,,,2025-03-20T00:00:00.000Z
257,255,,0.0,0.0,,,,,,,,,0.0,0.0,,,2025-03-20T00:00:00.000Z
258,256,,0.0,0.0,,,,,,,,,0.0,0.0,,,2025-03-20T00:00:00.000Z
259,257,,0.0,0.0,,,,,,,,,0.0,0.0,,,2025-03-20T00:00:00.000Z
260,258,,0.0,0.0,,,,,,,,,0.0,0.0,,,2025-03-20T00:00:00.000Z
261,259,,0.0,0.0,,,,,,,,,0.0,0.0,,,2025-03-20T00:00:00.000Z
262,260,,0.0,0.0,,,,,,,,,0.0,0.0,,,2025-03-20T00:00:00.000Z
263,261,,0.0,0.0,,,,,,,,,0.0,0.0,,,2025-03-20T00:00:00.000Z
264,262,,0.0,0.0,,,,,,,,,0.0,0.0,,,2025-03-20T00:00:00.000Z
265,263,,0.0,0.0,,,,,,,,,0.0,0.0,,,2025-03-20T00:00:00.000Z
266,264,,1.2,0.5,,,,,,,,,1.2,0.5,,,2025-03-25T05:44:00.000Z
267,265,,0.268,0.255,,,,0.175,0.106,,,,0.443,0.361,,,2025-03-25T00:00:00.000Z
268,266,,0.0,0.0,,,,,,,,,0.0,0.0,,,2025-03-20T00:00:00.000Z
269,267,,0.0,0.0,,,,,,,,,0.0,0.0,,,2025-03-20T00:00:00.000Z
270,268,,0.0,0.0,,,,,,,,,0.0,0.0,,,2025-03-20T00:00:00.000Z
271,269,,0.0,0.0,,,,,,,,,0.0,0.0,,,2025-03-20T00:00:00.000Z
272,270,,0.1,0.5,1.0,,,,,,,,0.1,0.5,1.0,,2025-03-20T00:00:00.000Z
273,271,,0.0059,0.4084,1.5,,,,,,,,0.0059,0.4084,1.5,,2025-03-25T21:47:00.000Z
274,272,13.1,21.965,15.9,0.0,,,,,,,13.1,21.965,15.9,0.0,,2025-03-25T00:00:00.000Z
275,273,,0.0,0.0,,,,,,,,,0.0,0.0,,,2025-03-20T00:00:00.000Z
276,274,,0.5,1.2,2.0,,,,,,,,0.5,1.2,2.0,,2025-03-20T00:00:00.000Z
277,275,,,,,,,,,,,,,,,,2025-03-26T01:33:00.000Z
278,276,,0.7435,0.972,1.5,,,,,,,,0.7435,0.972,1.5,,2025-03-26T01:33:00.000Z
279,277,0.311,3.128,3.705,,0.311,,10.74,26.14,,,0.311,13.868,29.845,,0.311,2025-03-25T21:47:00.000Z
280,278,,75.0,38.0,,,,146.8,70.0,,,,221.8,108.0,,,2025-03-25T18:55:00.000Z
281,279,,,,,,,20.0,47.333,60.0,,,20.0,47.333,60.0,,2025-03-25T00:00:00.000Z
282,280,1.329,4.759,1.268,6.0,,,,,,,1.329,4.759,1.268,6.0,,2025-03-25T00:00:00.000Z
283,281,,,1.5,3.0,,,,,,,,,1.5,3.0,,2025-03-25T00:00:00.000Z
284,282,33.85,39.0,10.0,20.0,,,,,,,33.85,39.0,10.0,20.0,,2025-03-25T00:00:00.000Z
285,283,6.4,8.4,5.4,10.0,6.4,10.0,20.0,10.0,15.0,10.0,16.4,28.4,15.4,25.0,16.4,2025-03-26T02:43:00.000Z
286,284,,11.28,2.0,5.0,,,40.12,5.0,10.0,,,51.4,7.0,15.0,,2025-03-25T19:50:00.000Z
287,285,,,,,,,0.0,53.9,20.0,,,0.0,53.9,20.0,,2025-03-25T19:50:00.000Z
288,286,,0.01,0.03,0.05,,,0.003,1.0,5.0,,,0.013,1.03,5.05,,2025-03-25T20:02:00.000Z
289,287,,,1.132,1.5,,,,,,,,,1.132,1.5,,2025-03-25T20:30:00.000Z
290,288,,0.3,0.7,1.5,,,,,,,,0.3,0.7,1.5,,2025-03-25T20:11:00.000Z
291,289,,0.2,0.5,1.0,,,0.1,0.2,0.5,,,0.3,0.7,1.5,,2025-03-25T20:11:00.000Z
292,290,,1.5,2.5,4.0,,,0.2,0.3,0.5,,,1.7,2.8,4.5,,2025-03-25T20:11:00.000Z
293,291,,0.3,0.8,1.5,,,,,,,,0.3,0.8,1.5,,2025-03-26T05:44:00.000Z
294,292,,,,5.0,,,,,0.2,,,,,5.2,,2025-03-26T05:44:00.000Z
295,293,,0.1,0.27,0.5,,,,,,,,0.1,0.27,0.5,,2025-03-26T05:55:00.000Z
296,294,,0.0214,0.0714,0.1428,,,0.045,0.15,0.3,,,0.0664,0.2214,0.4428,,2025-03-26T06:03:00.000Z
297,295,,8.29,4.06,6.09,,,3.04,1.53,2.3,,,11.33,5.59,8.39,,2025-03-26T06:30:00.000Z
298,296,0.1,0.234,0.042,0.5,0.117,,,,,,0.1,0.234,0.042,0.5,0.117,2025-03-26T06:11:00.000Z
299,297,,0.23,0.345,0.46,,,0.27,0.405,0.54,,,0.5,0.75,1.0,,2025-03-26T07:17:00.000Z
300,298,,0.3,0.17,1.0,,,,,,,,0.3,0.17,1.0,,2025-03-26T07:20:00.000Z
301,299,,1.366,0.564,0.846,,,5.646,2.368,3.552,,,7.012,2.932,4.398,,2025-03-26T07:25:00.000Z
302,300,,0.0,0.0,,,,,,,,,0.0,0.0,,,2025-03-20T00:00:00.000Z
303,301,,0.0,0.0,,,,,,,,,0.0,0.0,,,2025-03-20T00:00:00.000Z
304,302,4.4,8.4,,,,,,,,,4.4,8.4,,,,2025-03-26T00:00:00.000Z
305,303,,6.9,,,,,8.15,,,,,15.05,,,,2025-03-25T18:52:00.000Z
306,304,,0.0,0.0,,,,,,,,,0.0,0.0,,,2025-03-20T00:00:00.000Z
307,305,6.37,9.21,5.48,,,1.27,2.3,,,,7.64,11.51,5.48,,,2025-03-26T00:00:00.000Z
308,306,,0.5,1.0,2.0,,,,,,,,0.5,1.0,2.0,,2025-03-26T00:00:00.000Z
309,307,0.47,5.746,0.4,,,,,,,,0.47,5.746,0.4,,,2025-03-26T00:00:00.000Z
310,308,,0.3,0.5,,,,,,,,,0.3,0.5,,,2025-03-26T00:00:00.000Z
311,309,,,0.5,,,,,,,,,,0.5,,,2025-03-26T00:00:00.000Z
312,310,,,0.5,,,,,,,,,,0.5,,,2025-03-26T00:00:00.000Z
313,311,,,,,,,,,,,,,,,,2024-05-22T00:00:00.000Z
314,312,,,,2.5,,,,,,,,,,2.5,,2025-03-26T00:00:00.000Z
315,313,1.55,3.2,1.3,,,0.5,1.1,0.3,,,2.05,4.3,1.6,,,2024-07-27T19:00:00.000Z
316,314,1.68,6.18,0.79,,,0.0,0.0,0.0,,,1.68,6.18,0.79,,,2024-07-27T19:05:00.000Z
317,315,0.25,0.8,0.4,,,0.08,0.25,0.15,,,0.33,1.05,0.55,,,2024-07-27T19:10:00.000Z
318,316,,,,,,,,,,,,,,,,2024-07-27T19:15:00.000Z
319,317,,,,1.18,,,,,,,,,,1.18,,2024-07-27T18:45:00.000Z
320,318,17.34,41.36,19.71,,17.34,2.38,8.78,3.43,,,19.72,50.14,23.14,,19.72,2024-05-27T13:30:00.000Z
321,319,,,,,,,,,,,,,,,,2024-05-27T13:35:00.000Z
322,320,,,,,,,,,,,,,,,,2024-05-27T13:15:00.000Z
323,321,1.84,2.0,2.3,,,,,,,,1.84,2.0,2.3,,,2025-03-26T00:00:00.000Z
324,322,,,,,,,,,,,,,,,,2024-05-27T13:00:00.000Z
325,323,,1.1,0.42,,,,,,,,,1.1,0.42,,,2024-05-27T13:05:00.000Z
326,324,3.2,10.1,,,,,,,,,3.2,10.1,,,,2025-03-26T00:00:00.000Z
327,325,,,,,,,,,,,,,,,,2024-05-27T12:40:00.000Z
328,326,,,,,,,,,,,,,,,,2024-05-27T12:45:00.000Z
329,327,,,,,,,,,,,,,,,,2024-05-27T12:50:00.000Z
330,328,,,1.05,,,,,0.26,,,,,1.31,,,2024-05-27T13:10:00.000Z
331,329,,,,,,,,,,,,,,,,2024-05-27T12:25:00.000Z
332,330,,0.284,0.796,,,,,,,,,0.284,0.796,,,2024-05-27T12:30:00.000Z
333,331,,0.0,0.0,,,,,,,,,0.0,0.0,,,2025-03-20T00:00:00.000Z
334,332,,,,,,,,,,,,,,,,2024-05-27T12:20:00.000Z
335,333,,,2.49,,,,,2.81,,,,,5.3,,,2024-05-27T13:20:00.000Z
336,334,4.5,9.0,3.0,,4.5,,,,,,4.5,9.0,3.0,,4.5,2025-03-20T00:00:00.000Z
337,335,,1.988,1.011,,,,,,,,,1.988,1.011,,,2025-03-26T00:00:00.000Z
338,336,,0.0,0.0,,,,,,,,,0.0,0.0,,,2025-03-20T00:00:00.000Z
339,337,,0.0,0.0,,,,,,,,,0.0,0.0,,,2025-03-20T00:00:00.000Z
340,338,,0.0,0.0,,,,,,,,,0.0,0.0,,,2025-03-20T00:00:00.000Z
341,339,,0.0,0.0,,,,,,,,,0.0,0.0,,,2025-03-20T00:00:00.000Z
342,340,,0.0,0.0,,,,,,,,,0.0,0.0,,,2025-03-20T00:00:00.000Z
343,341,,0.0,0.0,,,,,,,,,0.0,0.0,,,2025-03-20T00:00:00.000Z
344,342,,0.0,0.0,,,,,,,,,0.0,0.0,,,2025-03-20T00:00:00.000Z
345,343,,0.0,0.0,,,,,,,,,0.0,0.0,,,2025-03-20T00:00:00.000Z
346,344,,0.0,0.0,,,,,,,,,0.0,0.0,,,2025-03-20T00:00:00.000Z
347,345,,,,,,,,,,,,,,,,2024-05-27T12:10:00.000Z
348,346,,0.0,0.0,,,,,,,,,0.0,0.0,,,2025-03-20T00:00:00.000Z
349,347,,,,,,,,,,,,,,,,2024-06-11T00:00:00.000Z
350,348,,0.0,0.0,,,,,,,,,0.0,0.0,,,2025-03-20T00:00:00.000Z
351,349,,,,,,,,,,,,,,,,2024-06-11T00:00:00.000Z
352,350,1.9,5.0,1.4,,,,,,,,1.9,5.0,1.4,,,2024-06-11T00:00:00.000Z
353,351,,1.06,0.72,,,,0.19,0.17,,,,1.25,0.88,,,2024-06-11T00:00:00.000Z
354,352,,1.21,1.18,,,,0.45,0.36,,,,1.66,1.54,,,2024-06-11T00:00:00.000Z
355,353,,,,,,,,,,,,,,,,2024-06-11T00:00:00.000Z
356,354,0.36,0.61,0.06,,,,,,,,0.36,0.61,0.06,,,2024-06-11T00:00:00.000Z
357,355,,1.21,0.73,,,,,,,,,1.21,0.73,,,2024-06-11T00:00:00.000Z
358,356,,0.4,0.6,,,,,,,,,0.4,0.6,,,2025-03-26T00:00:00.000Z
359,357,,0.45,1.34,,,,,,,,,0.45,1.34,,,2024-06-11T00:00:00.000Z
360,358,0.0,0.0,0.1,0.2,,0.0,0.0,0.631,1.0,,0.0,0.0,0.731,1.2,,2025-03-26T00:00:00.000Z
361,359,,,,,,,,,,,,,,,,2024-06-11T00:00:00.000Z
362,360,,,,,,,,,,,,,,,,2024-06-11T00:00:00.000Z
363,361,,,,,,,,,,,,,,,,2024-06-11T00:00:00.000Z
364,362,,,,,,,,,,,,,,,,2024-06-11T00:00:00.000Z
365,363,,,,,,,,,,,,,,,,2024-06-11T00:00:00.000Z
366,364,,0.67,0.5,,,,0.92,0.65,,,,1.59,1.15,,,2024-06-11T00:00:00.000Z
367,365,,0.0,0.0,,,,,,,,,0.0,0.0,,,2025-03-20T00:00:00.000Z
368,366,,,,,,,,,,,,,,,,2024-06-11T00:00:00.000Z
369,367,,,,,,,,,,,,,,,,2024-06-11T00:00:00.000Z
370,368,,0.0,0.0,,,,,,,,,0.0,0.0,,,2025-03-20T00:00:00.000Z
371,369,,2.8,0.7,,,,,,,,,2.8,0.7,,,2024-05-16T00:00:00.000Z
372,370,,,0.25,,,,,,,,,,0.25,,,2024-05-16T00:00:00.000Z
373,371,,,1.7,,,,,,,,,,1.7,,,2024-05-16T00:00:00.000Z
374,372,,1.5,3.0,,,,,,,,,1.5,3.0,,,2024-05-16T00:00:00.000Z
375,373,0.02,0.15,0.2,,,,,,,,0.02,0.15,0.2,,,2024-05-16T00:00:00.000Z
376,374,,,0.5,,,,,,,,,,0.5,,,2024-05-16T00:00:00.000Z
377,375,0.05,0.1,0.3,,,,,,,,0.05,0.1,0.3,,,2024-05-16T00:00:00.000Z
378,376,,0.48,2.3,,,,,,,,,0.48,2.3,,,2024-05-16T00:00:00.000Z
379,377,2.1,5.3,7.5,,,0.1,0.3,0.5,,,2.2,5.6,8.0,,,2024-05-16T00:00:00.000Z
380,378,,0.3,1.2,,,,,,,,,0.3,1.2,,,2024-05-16T00:00:00.000Z
381,379,38.8,67.4,49.4,,,3.3,13.2,7.5,,,42.1,80.6,56.9,,,2024-05-16T00:00:00.000Z
382,380,,,,,,,,,,,,,,,,2024-05-22T00:00:00.000Z
383,381,,,,1.0,,,,,0.5,,,,,1.5,,2025-03-26T00:00:00.000Z
384,382,,4.05,3.26,,,,,,,,,4.05,3.26,,,2025-03-26T00:00:00.000Z
385,383,0.62,1.15,0.6,,,,,,,,0.62,1.15,0.6,,,2024-05-22T00:00:00.000Z
386,384,,,0.4,,,,,,,,,,0.4,,,2024-05-16T00:00:00.000Z
387,385,,1.2,0.8,,,,,,,,,1.2,0.8,,,2025-03-26T00:00:00.000Z
388,386,,,0.234,,,,,,,,,,0.234,,,2025-03-26T00:00:00.000Z
389,387,,,0.15,,,,,,,,,,0.15,,,2024-05-16T00:00:00.000Z
390,388,,0.0,0.0,,,,,,,,,0.0,0.0,,,2025-03-20T00:00:00.000Z
391,389,,5.7,0.5,,,,,,,,,5.7,0.5,,,2024-05-16T00:00:00.000Z
392,390,,1.291,1.044,,,,,,,,,1.291,1.044,,,2025-03-25T23:24:00.000Z
393,391,,2.0,3.0,5.0,,,,,,,,2.0,3.0,5.0,,2025-03-25T23:24:00.000Z
394,392,,0.425,0.2125,0.425,,,,,,,,0.425,0.2125,0.425,,2025-03-26T00:00:00.000Z
395,393,4.6,5.4,1.2,2.5,4.6,,,,,,4.6,5.4,1.2,2.5,4.6,2025-03-26T00:00:00.000Z
396,394,,0.14,1.5,2.0,,,,,,,,0.14,1.5,2.0,,2025-03-26T00:00:00.000Z
397,395,,,,,,,1.8,2.5,4.0,,,1.8,2.5,4.0,,2025-03-26T00:00:00.000Z
398,396,,0.013,0.06,,0.013,,0.457,2.39,,0.457,,0.47,2.45,,0.47,2025-03-25T22:56:00.000Z
399,397,,,,,,,,,,,,,,,,2025-03-25T22:56:00.000Z
400,398,,1.08,1.08,,1.0,,0.067,0.125,,0.063,,1.147,1.204,,1.062,2025-03-25T22:49:00.000Z
401,399,0.036,0.0574,0.0631,0.1,0.03,,,,,,0.036,0.0574,0.0631,0.1,0.03,2025-03-26T05:30:00.000Z
402,400,,0.0191,0.8204,0.1,,,,,0.01,,,0.0191,0.8204,0.11,,2025-03-26T05:25:00.000Z
403,401,2.043684,2.321158,0.316591,0.5,1.5,5.593421,6.254737,2.728157,1.0,4.0,7.637105,8.575895,3.044748,1.5,5.5,2025-03-26T05:20:00.000Z
404,402,,,,0.1,,,,,0.01,,,,,0.11,,2025-03-26T05:15:00.000Z
405,403,0.0,0.0,0.0,0.5,0.0,0.0,0.0,0.0,0.1,0.0,0.0,0.0,0.0,0.6,0.0,2025-03-26T05:12:00.000Z
406,404,0.0,1.4,0.5,1.0,0.0,0.0,0.0,0.0,0.0,0.0,0.0,1.4,0.5,1.0,0.0,2025-03-26T05:07:00.000Z
407,405,0.248,0.248,0.264,0.5,0.248,,,,,,0.248,0.248,0.264,0.5,0.248,2025-03-25T00:00:00.000Z
408,406,5.8,6.1,0.4,2.0,,,,,,,5.8,6.1,0.4,2.0,,2025-03-25T00:00:00.000Z
409,407,,0.8,1.5,3.0,,,0.4,0.8,1.5,,,1.2,2.3,4.5,,2025-03-25T00:00:00.000Z
410,408,,0.34,0.12,,,,,,,,,0.34,0.12,,,2024-05-22T00:00:00.000Z
411,409,,0.0,0.0,,,,,,,,,0.0,0.0,,,2025-03-20T00:00:00.000Z
412,410,,1.2,1.3,1.0,,,0.341,0.225,0.5,,,1.541,1.525,1.5,,2025-03-25T21:30:00.000Z
413,411,,0.0,0.0,,,,,,,,,0.0,0.0,,,2025-03-20T00:00:00.000Z
414,412,1.644,1.847,0.497,1.0,1.644,,,,,,1.644,1.847,0.497,1.0,1.644,2025-03-25T20:59:00.000Z
415,413,,0.476,0.917,1.0,,,0.849,1.076,1.5,,,1.325,1.993,2.5,,2025-03-25T20:55:00.000Z
416,414,,17.02,35.67,15.0,,,,,,,,17.02,35.67,15.0,,2025-03-25T20:54:00.000Z
417,415,1.07,1.83,0.98,1.25,,,,,,,1.07,1.83,0.98,1.25,,2025-03-25T20:53:00.000Z
418,416,,0.3,0.7,1.5,,,,,,,,0.3,0.7,1.5,,2025-03-20T00:00:00.000Z
419,417,,,0.1,0.15,,,,,,,,,0.1,0.15,,2025-03-25T20:47:00.000Z
420,418,,,,,,0.52,0.52,0.5,1.0,,0.52,0.52,0.5,1.0,,2025-03-25T20:47:00.000Z
421,419,,0.5,1.0,2.0,,75.0,332.0,100.0,500.0,,75.0,332.5,101.0,502.0,,2025-03-26T03:45:00.000Z
422,420,,6.07,3.23,2.5,,,,,,,,6.07,3.23,2.5,,2025-03-25T20:49:00.000Z
423,421,1.0,2.0,2.0,3.0,,0.1,0.2,0.2,0.3,,1.1,2.2,2.2,3.3,,2025-03-25T21:00:00.000Z
424,422,,15.0,20.0,30.0,,,0.5,1.0,2.0,,,15.5,21.0,32.0,,2025-03-26T03:43:00.000Z
425,423,,2.0,1.7,5.0,,,,,,,,2.0,1.7,5.0,,2025-03-26T03:44:00.000Z
426,424,,10.8,16.3,20.0,,,0.2,0.3,0.5,,,11.0,16.6,20.5,,2025-03-26T03:40:00.000Z
427,425,,0.6,1.9,3.0,,,,,,,,0.6,1.9,3.0,,2025-03-26T03:39:00.000Z
428,426,,0.1,0.5,1.0,,,,,0.1,,,0.1,0.5,1.1,,2025-03-26T03:38:00.000Z
429,427,,0.3,0.8,1.7,,,0.1,0.2,0.5,,,0.4,1.0,2.2,,2025-03-25T20:16:00.000Z
430,428,,,0.5,2.0,,,,,,,,,0.5,2.0,,2025-03-25T19:53:00.000Z
431,429,,0.2,0.5,1.0,,,0.1,0.1,0.1,,,0.3,0.6,1.1,,2025-03-25T00:00:00.000Z
432,430,,0.5,1.2,2.0,,,0.3,0.6,1.0,,,0.8,1.8,3.0,,2025-03-26T01:01:00.000Z
433,431,20.0,25.0,15.0,30.0,18.0,10.0,12.0,8.0,15.0,9.0,30.0,37.0,23.0,45.0,27.0,2025-03-26T03:41:00.000Z
434,432,,8.0,5.0,15.0,,,20.0,10.0,30.0,,,28.0,15.0,45.0,,2025-03-26T03:44:00.000Z
435,433,,0.5158,0.5055,2.0,,,,,,,,0.5158,0.5055,2.0,,2025-03-26T02:55:00.000Z
436,434,,0.8,1.5,3.0,,,,,,,,0.8,1.5,3.0,,2025-03-26T02:49:00.000Z
437,435,,0.5,1.2,2.0,,,0.3,0.6,1.0,,,0.8,1.8,3.0,,2025-03-25T20:00:00.000Z
438,436,,0.5,1.2,2.0,,,,,,,,0.5,1.2,2.0,,2025-03-25T19:53:00.000Z
439,437,,4.0,1.57,,,,,,,,,4.0,1.57,,,2025-03-25T19:53:00.000Z
440,438,,,2.0,,,,,,,,,,2.0,,,2025-03-25T18:58:00.000Z
441,439,0.5178,1.3927,0.9094,,0.5178,,,,,,0.5178,1.3927,0.9094,,0.5178,2025-03-25T18:58:00.000Z
442,440,,0.418,0.517,1.0,,,0.5,0.8,2.0,,,0.918,1.317,3.0,,2025-03-25T00:00:00.000Z
443,441,,0.065,0.382,1.0,,,1.171,4.715,3.0,,,1.236,5.097,4.0,,2025-03-25T00:00:00.000Z
444,442,,2.8,1.7,4.0,,,,,,,,2.8,1.7,4.0,,2025-03-25T00:00:00.000Z
445,443,1.4,1.4,,,,,,,,,1.4,1.4,,,,2025-03-25T00:00:00.000Z
446,444,,5.0,7.0,10.0,,,1.0,1.5,2.0,,,6.0,8.5,12.0,,2025-03-26T02:40:00.000Z
447,445,,0.0,0.0,,,,,,,,,0.0,0.0,,,2025-03-20T00:00:00.000Z
448,446,,0.0,0.0,,,,,,,,,0.0,0.0,,,2025-03-20T00:00:00.000Z
449,447,,0.0,0.0,,,,,,,,,0.0,0.0,,,2025-03-20T00:00:00.000Z
450,448,,0.0,0.0,,,,,,,,,0.0,0.0,,,2025-03-20T00:00:00.000Z
451,449,,0.5,1.2,2.0,,,0.3,0.6,1.0,,,0.8,1.8,3.0,,2025-03-26T02:45:00.000Z
452,450,,0.0,0.0,,,,,,,,,0.0,0.0,,,2025-03-20T00:00:00.000Z
453,451,,0.5,1.2,2.0,,,,,,,,0.5,1.2,2.0,,2025-03-26T02:28:00.000Z
454,452,,0.0,0.0,,,,,,,,,0.0,0.0,,,2025-03-20T00:00:00.000Z
455,453,,0.0,0.0,,,,,,,,,0.0,0.0,,,2025-03-20T00:00:00.000Z
456,454,,0.0,0.0,,,,,,,,,0.0,0.0,,,2025-03-20T00:00:00.000Z
457,456,,0.0,0.0,,,,,,,,,0.0,0.0,,,2025-03-20T00:00:00.000Z
458,457,,0.0,0.0,,,,,,,,,0.0,0.0,,,2025-03-20T00:00:00.000Z
459,458,,0.0,0.0,,,,,,,,,0.0,0.0,,,2025-03-20T00:00:00.000Z
460,459,,0.0,0.0,,,,,,,,,0.0,0.0,,,2025-03-20T00:00:00.000Z
461,460,,0.0,0.0,,,,,,,,,0.0,0.0,,,2025-03-20T00:00:00.000Z
462,461,,0.0,0.0,,,,,,,,,0.0,0.0,,,2025-03-20T00:00:00.000Z
463,462,,0.0,0.0,,,,,,,,,0.0,0.0,,,2025-03-20T00:00:00.000Z
464,463,,0.0,0.0,,,,,,,,,0.0,0.0,,,2025-03-20T00:00:00.000Z
465,464,,,0.406,0.203,,,,,,,,,0.406,0.203,,2025-03-24T00:00:00.000Z
466,465,1.213,2.081,0.438,0.219,1.213,,,,,,1.213,2.081,0.438,0.219,1.213,2025-03-24T00:00:00.000Z
467,466,,1.065,0.475,0.238,,,,,,,,1.065,0.475,0.238,,2025-03-24T00:00:00.000Z
468,467,,0.253,0.445,0.223,,,,,,,,0.253,0.445,0.223,,2025-03-24T00:00:00.000Z
469,468,,,,0.1,,,,,0.05,,,,,0.15,,2025-03-24T00:00:00.000Z
470,469,,0.128,0.178,0.089,,,,,,,,0.128,0.178,0.089,,2025-03-24T00:00:00.000Z
471,470,,0.048,0.01,0.005,,,,,,,,0.048,0.01,0.005,,2025-03-24T00:00:00.000Z
472,471,,0.0,0.0,,,,,,,,,0.0,0.0,,,2025-03-20T00:00:00.000Z
473,472,,0.059,0.089,0.5,,,0.125,0.188,0.5,,,0.184,0.277,1.0,,2025-03-24T21:46:00.000Z
474,473,,4.6,5.0,10.0,,,,,,,,4.6,5.0,10.0,,2025-03-24T21:44:00.000Z
475,474,,0.373,0.227,1.0,,,,,0.5,,,0.373,0.227,1.5,,2025-03-24T21:44:00.000Z
476,475,,0.04,0.025,0.013,,,0.003,0.002,0.001,,,0.043,0.027,0.014,,2025-03-24T00:00:00.000Z
477,476,,1.0,2.0,5.0,,,,,,,,1.0,2.0,5.0,,2025-03-24T21:41:00.000Z
478,477,,0.5,1.0,2.0,,,,,,,,0.5,1.0,2.0,,2025-03-24T00:00:00.000Z
479,478,,,0.2,0.5,,,,,,,,,0.2,0.5,,2025-03-24T21:35:00.000Z
480,479,,0.2,0.5,1.0,,,0.1,0.2,0.5,,,0.3,0.7,1.5,,2025-03-24T21:34:00.000Z
481,480,0.0,0.5,1.0,2.0,0.0,0.0,0.0,0.0,0.0,0.0,0.0,0.5,1.0,2.0,0.0,2025-03-24T00:00:00.000Z
482,481,2.0,3.5,1.5,2.0,,,,,,,2.0,3.5,1.5,2.0,,2025-03-24T00:00:00.000Z
483,482,,,0.5,,,,,,,,,,0.5,,,2025-03-24T21:22:00.000Z
484,483,,1.0,,2.0,,,,,0.5,,,1.0,,2.5,,2025-03-24T21:20:00.000Z
485,484,,0.0,0.0,,,,,,,,,0.0,0.0,,,2025-03-20T00:00:00.000Z
486,485,1.0,3.0,1.5,,,0.0,0.0,0.0,0.0,0.0,1.0,3.0,1.5,,,2025-03-24T00:00:00.000Z
487,486,,1.0,2.5,5.0,,,,,,,,1.0,2.5,5.0,,2025-03-24T00:00:00.000Z
488,487,20.846,14.899,8.578,,20.846,0.105,0.004,0.023,,0.105,20.951,14.903,8.601,,20.951,2025-03-24T00:00:00.000Z
489,488,,1.032,1.554,2.0,,,,,,,,1.032,1.554,2.0,,2025-03-24T20:59:00.000Z
490,489,11.2,16.0,20.0,25.0,,13.1,19.5,24.0,30.0,,24.3,35.5,44.0,55.0,,2025-03-24T20:56:00.000Z
491,490,,0.3,0.5,1.0,,,,,,,,0.3,0.5,1.0,,2025-03-24T20:50:00.000Z
492,491,0.895,0.988,1.073,1.5,,,,,,,0.895,0.988,1.073,1.5,,2025-03-24T20:47:00.000Z
493,492,,0.5,1.2,2.0,,,,,,,,0.5,1.2,2.0,,2025-03-24T20:41:00.000Z
494,493,,1.0582,0.1807,2.0,,,,,,,,1.0582,0.1807,2.0,,2025-03-25T03:36:00.000Z
495,494,,,1.43,2.0,,,,0.537,1.0,,,,1.967,3.0,,2025-03-25T03:34:00.000Z
496,495,,0.109,1.639,2.0,,,,,,,,0.109,1.639,2.0,,2025-03-25T03:32:00.000Z
497,496,,,,0.2,,,,,0.8,,,,,1.0,,2025-03-25T03:29:00.000Z
498,497,,1.211,0.307,1.5,,,,,,,,1.211,0.307,1.5,,2025-03-25T03:25:00.000Z
499,498,,0.131,0.177,,,,0.273,0.36,,,,0.4035,0.5367,,,2025-03-24T21:18:00.000Z
500,499,,3.05,2.35,,,,,,,,,3.05,2.35,,,2025-03-24T21:16:00.000Z
501,500,,0.0,0.0,,,,,,,,,0.0,0.0,,,2025-03-20T00:00:00.000Z
503,5,,2.9,1.5,,,,1.1,0.6,,,,4.0,2.1,,,2024-07-27T20:24:00.000Z
504,6,2.695,3.266,3.365,,,,,,,,2.695,3.266,3.365,,,2023-11-22T00:00:00.000Z
